date,open,close,high,low,volume,MA_5,MA_10,MA_20
2017-04-26,29.1,29.08,29.38,28.9,396883.03,-,-,-
2017-04-27,29.41,29.39,29.86,29.2,472220.91,-,-,-
2017-04-28,29.8,29.6,29.81,29.01,447456.69,-,-,-
2017-05-02,29.4,29.51,29.75,29.25,599063.81,-,-,-
2017-05-03,30.97,29.51,30.97,29.31,1254610.75,29.418,-,-
2017-05-04,30.61,31.48,31.51,30.46,454556.97,29.898000000000003,-,-
2017-05-05,30.84,30.7,30.84,30.31,459263.59,30.160000000000004,-,-
2017-05-08,31.5,30.98,31.5,30.77,543534.06,30.436,-,-
2017-05-09,30.75,31.64,31.68,30.01,709184.94,30.862000000000002,-,-
2017-05-10,31.77,30.94,32.0,30.88,557808.5,31.148000000000003,30.282999999999998,-
2017-05-11,31.57,31.09,31.77,30.81,482436.75,31.070000000000004,30.483999999999998,-
2017-05-12,32.65,31.84,33.2,31.41,573781.88,31.29800000000001,30.728999999999996,-
2017-05-15,32.9,32.77,33.2,32.4,539052.88,31.656000000000013,31.045999999999992,-
2017-05-16,32.06,33.48,33.6,31.78,904186.94,32.024000000000015,31.442999999999994,-
2017-05-17,32.28,31.54,32.8,31.25,744881.44,32.14400000000001,31.645999999999997,-
2017-05-18,32.5,32.22,33.12,31.75,692092.75,32.37000000000001,31.71999999999999,-
2017-05-19,31.88,32.49,32.52,31.4,453116.53,32.500000000000014,31.898999999999994,-
2017-05-22,32.13,31.99,32.48,31.71,509272.84,32.34400000000001,31.999999999999993,-
2017-05-23,31.02,32.07,33.1,31.0,1078515.12,32.06200000000001,32.04299999999999,-
2017-05-24,28.8,30.72,30.75,28.75,970329.94,31.898000000000014,32.021,31.152000000000005
2017-05-25,28.8,28.8,29.52,28.51,517324.88,31.214000000000016,31.792,31.137999999999998
2017-05-26,28.55,28.95,29.05,28.23,456424.19,30.50600000000001,31.503000000000004,31.116000000000003
2017-05-30,28.51,28.29,28.96,28.21,614437.94,29.76600000000001,31.055000000000007,31.0505
2017-05-31,28.84,28.16,28.92,28.11,485411.75,28.98400000000001,30.523000000000007,30.982999999999997
2017-06-01,29.38,29.19,29.4,28.68,403115.16,28.678000000000008,30.288000000000004,30.967000000000002
2017-06-02,29.63,29.55,30.14,29.42,673372.75,28.82800000000001,30.021000000000004,30.8705
2017-06-05,29.15,29.53,29.76,28.65,618588.56,28.94400000000001,29.725,30.811999999999994
2017-06-06,29.4,29.15,30.2,28.95,769978.94,29.116000000000014,29.440999999999995,30.720499999999994
2017-06-12,28.06,29.37,29.42,27.76,984627.75,29.358000000000015,29.171,30.606999999999992
2017-06-13,27.5,28.07,28.36,27.37,778181.38,29.134000000000015,28.905999999999995,30.463499999999993
2017-06-14,27.5,27.46,28.16,27.23,575706.25,28.716000000000015,28.77199999999999,30.281999999999993
2017-06-15,27.4,27.81,28.25,26.85,791460.56,28.372000000000014,28.657999999999994,30.08049999999999
2017-06-16,28.0,27.45,28.0,27.2,796192.88,28.03200000000001,28.57399999999999,29.814499999999992
2017-06-19,27.0,27.45,27.49,26.36,968609.62,27.648000000000007,28.502999999999986,29.512999999999995
2017-06-20,28.02,27.4,28.23,27.02,837383.06,27.51400000000001,28.323999999999984,29.305999999999994
2017-06-21,29.35,28.57,29.35,28.42,744106.88,27.736000000000008,28.22599999999998,29.123499999999996
2017-06-22,30.11,29.48,30.2,29.06,813470.25,28.070000000000004,28.220999999999982,28.972999999999995
2017-06-23,29.69,29.94,30.52,29.47,835555.94,28.568000000000005,28.299999999999983,28.8705
2017-06-26,28.8,29.7,30.35,28.54,1414795.25,29.018000000000008,28.33299999999998,28.752
2017-06-27,28.1,28.54,28.54,27.56,851785.38,29.246000000000002,28.379999999999985,28.642999999999994
2017-06-28,27.8,27.99,28.55,27.72,606374.94,29.130000000000006,28.432999999999986,28.6025
2017-06-29,27.79,28.01,28.5,27.38,919166.25,28.836000000000006,28.452999999999985,28.555499999999995
2017-06-30,28.46,27.79,28.85,27.72,982519.75,28.406000000000006,28.486999999999988,28.530499999999996
2017-07-03,27.0,28.39,28.67,26.86,1328512.75,28.144000000000005,28.58099999999999,28.541999999999994
2017-07-04,26.87,26.97,26.98,26.25,616049.06,27.830000000000005,28.53799999999999,28.430999999999994
2017-07-05,27.5,26.95,27.6,26.81,616527.25,27.622000000000003,28.375999999999987,28.301
2017-07-06,27.0,27.63,27.88,26.78,708069.75,27.546000000000003,28.190999999999985,28.206
2017-07-07,27.35,27.03,27.39,26.91,581793.81,27.394000000000005,27.899999999999984,28.1
2017-07-10,26.85,27.2,27.2,26.67,689164.94,27.156000000000006,27.649999999999984,27.991500000000002
2017-07-11,27.29,26.55,27.42,26.5,622319.81,27.07200000000001,27.450999999999983,27.915499999999998
2017-07-12,27.59,27.44,27.68,27.17,548813.88,27.17000000000001,27.39599999999998,27.914499999999997
2017-07-13,27.35,27.77,27.98,27.13,671739.5,27.198000000000015,27.37199999999998,27.9125
2017-07-14,27.45,27.4,27.58,26.85,510238.62,27.272000000000013,27.332999999999977,27.909999999999997
2017-07-18,27.27,27.67,27.69,26.89,448513.19,27.36600000000002,27.260999999999978,27.920999999999992
2017-07-19,28.15,27.68,28.22,26.98,518543.16,27.59200000000002,27.331999999999983,27.93499999999999
2017-07-20,27.39,27.75,28.15,27.0,411857.59,27.654000000000018,27.411999999999985,27.893999999999988
2017-07-21,26.7,27.21,27.82,26.63,592303.19,27.54200000000002,27.369999999999983,27.78049999999999
2017-07-24,25.91,26.88,26.88,25.87,368071.62,27.438000000000017,27.354999999999983,27.627499999999987
2017-07-25,26.2,26.06,26.62,25.86,308906.56,27.11600000000002,27.240999999999985,27.44549999999998
2017-07-26,25.51,26.1,26.35,25.49,451756.16,26.80000000000002,27.195999999999987,27.323499999999985
2017-07-27,25.42,25.41,25.54,24.93,234931.05,26.332000000000015,26.992999999999988,27.194499999999984
2017-07-28,25.35,25.31,25.49,25.2,146847.03,25.952000000000016,26.746999999999993,27.05949999999998
2017-07-31,25.5,25.4,26.17,25.23,379336.81,25.656000000000017,26.54699999999999,26.93999999999998
2017-08-01,25.71,25.65,25.95,25.4,255499.84,25.57400000000002,26.344999999999988,26.80299999999998
2017-08-02,25.0,25.76,25.76,24.99,365723.28,25.506000000000018,26.152999999999984,26.74249999999998
2017-08-03,25.5,24.97,25.5,24.94,245895.86,25.418000000000017,25.87499999999999,26.643499999999978
2017-08-04,25.15,25.42,25.5,24.83,267466.06,25.44000000000002,25.69599999999999,26.532999999999976
2017-08-07,25.0,25.16,25.16,24.32,368758.84,25.392000000000017,25.523999999999994,26.439499999999974
2017-08-08,25.13,25.02,25.3,24.92,183281.34,25.26600000000002,25.419999999999995,26.330499999999972
2017-08-09,25.1,25.3,25.54,25.01,240694.91,25.17400000000002,25.339999999999996,26.267999999999972
2017-08-10,25.22,25.11,25.56,25.03,224649.2,25.20200000000002,25.309999999999995,26.15149999999997
2017-08-11,25.4,25.33,25.88,25.11,340140.62,25.18400000000002,25.311999999999994,26.029499999999974
2017-08-14,25.05,25.0,25.2,24.63,214382.02,25.152000000000015,25.271999999999995,25.909499999999973
2017-08-15,25.29,25.05,25.53,24.99,427154.84,25.15800000000002,25.211999999999993,25.778499999999973
2017-08-16,23.91,24.93,25.0,23.85,377727.19,25.084000000000017,25.12899999999999,25.640999999999973
2017-08-17,23.79,24.07,24.5,23.71,222353.59,24.87600000000002,25.03899999999999,25.456999999999976
2017-08-18,23.83,23.9,24.09,23.67,247010.28,24.590000000000018,24.88699999999999,25.291499999999978
2017-08-21,23.67,23.82,24.24,23.67,322810.91,24.35400000000002,24.75299999999999,25.138499999999976
2017-08-22,24.25,23.44,24.56,23.44,352501.75,24.032000000000018,24.59499999999999,25.00749999999998
2017-08-23,23.84,23.8,23.98,23.58,221987.27,23.80600000000002,24.444999999999986,24.892499999999977
2017-08-24,23.42,23.97,24.22,23.38,426901.28,23.78600000000002,24.33099999999998,24.820499999999978
2017-08-25,23.92,23.88,24.08,23.33,493219.44,23.782000000000018,24.185999999999986,24.74899999999998
2017-08-28,25.17,24.25,25.18,23.7,607919.25,23.868000000000016,24.110999999999983,24.69149999999998
2017-08-29,25.45,25.3,25.8,24.91,412249.81,24.24000000000002,24.135999999999985,24.673999999999978
2017-08-30,25.71,25.38,26.09,25.15,290663.47,24.55600000000002,24.180999999999983,24.65499999999998
2017-08-31,26.23,25.5,26.39,25.34,413674.28,24.862000000000016,24.323999999999984,24.68149999999998
2017-09-01,26.51,26.52,26.75,25.94,321532.38,25.390000000000022,24.58599999999998,24.736499999999975
2017-09-04,26.78,26.46,27.11,26.31,311472.59,25.832000000000022,24.849999999999984,24.801499999999972
2017-09-05,26.69,27.1,27.47,26.4,644463.38,26.192000000000018,25.215999999999987,24.90549999999997
2017-09-06,26.31,26.35,26.8,26.14,484759.91,26.386000000000017,25.470999999999986,24.957999999999974
2017-09-07,24.95,25.97,25.98,24.91,433703.47,26.480000000000018,25.67099999999998,25.00099999999997
2017-09-08,25.12,25.0,25.59,24.9,274636.88,26.176000000000016,25.78299999999998,24.984499999999972
2017-09-11,25.12,25.34,25.85,25.12,275278.78,25.952000000000016,25.891999999999978,25.00149999999997
2017-09-12,24.91,25.1,25.47,24.9,243022.81,25.552000000000014,25.87199999999998,25.00399999999997
2017-09-13,24.81,25.3,25.69,24.76,407176.09,25.34200000000002,25.863999999999983,25.022499999999972
2017-09-14,25.56,25.13,25.56,24.86,509945.97,25.174000000000017,25.82699999999998,25.075499999999973
2017-09-15,26.0,25.73,26.06,24.81,608149.44,25.320000000000014,25.747999999999983,25.166999999999973
2017-09-18,25.27,25.44,25.53,25.03,192754.06,25.340000000000014,25.645999999999987,25.247999999999976
2017-09-19,25.95,25.29,26.48,25.0,393643.31,25.378000000000014,25.46499999999999,25.340499999999977
2017-09-20,25.0,25.88,25.88,24.99,386165.31,25.494000000000014,25.417999999999992,25.44449999999998
2017-09-21,25.2,24.95,25.29,24.78,192492.23,25.458000000000016,25.315999999999995,25.493499999999976
2017-09-22,25.03,25.19,25.47,24.74,241090.52,25.350000000000016,25.334999999999997,25.55899999999998
2017-09-25,25.65,24.9,25.65,24.68,296629.38,25.24200000000001,25.290999999999993,25.59149999999998
2017-09-26,25.99,25.63,25.99,25.28,300827.41,25.310000000000013,25.343999999999998,25.607999999999983
2017-09-27,25.38,26.03,26.68,25.35,581654.19,25.340000000000014,25.416999999999994,25.64049999999998
2017-09-28,25.78,25.65,26.43,25.23,474151.81,25.480000000000015,25.468999999999994,25.64799999999998
2017-09-29,24.7,25.97,25.97,24.68,590566.06,25.636000000000013,25.493,25.620499999999982
2017-10-09,24.29,24.78,25.1,24.02,495985.84,25.612000000000013,25.427,25.536499999999982
2017-10-10,24.05,24.38,24.4,23.96,258623.58,25.362000000000013,25.336,25.400499999999983
2017-10-11,24.18,24.15,24.49,23.96,618882.75,24.98600000000001,25.163,25.29049999999998
2017-10-12,23.48,23.94,24.03,23.44,453424.03,24.644000000000013,25.062,25.188999999999982
2017-10-13,23.41,23.88,23.96,23.4,386742.25,24.22600000000001,24.931,25.13299999999998
2017-10-16,23.89,23.55,24.33,23.53,369283.44,23.98000000000001,24.796,25.04349999999998
2017-10-17,24.15,23.99,24.59,23.92,548200.75,23.902000000000015,24.631999999999998,24.98799999999998
2017-10-18,24.18,23.85,24.5,23.71,441458.16,23.842000000000013,24.414,24.915499999999977
2017-10-19,24.03,24.14,24.4,23.71,420823.91,23.882000000000016,24.263,24.86599999999998
2017-10-20,24.48,24.04,24.48,23.7,583695.56,23.914000000000016,24.07,24.781499999999976
2017-10-23,25.2,24.62,25.25,24.0,652339.19,24.128000000000018,24.054,24.740499999999976
2017-10-24,24.9,24.42,25.27,24.28,617847.25,24.21400000000002,24.058,24.696999999999978
2017-10-25,23.68,24.23,24.6,23.3,565648.81,24.29000000000002,24.066,24.614499999999975
2017-10-26,23.31,23.69,23.88,22.65,602920.38,24.20000000000002,24.041000000000004,24.55149999999998
2017-10-27,24.28,22.8,24.33,22.53,618876.62,23.95200000000002,23.933000000000003,24.43199999999998
2017-10-30,23.71,23.81,24.75,23.46,729756.62,23.79000000000002,23.959000000000003,24.37749999999998
2017-10-31,22.18,23.49,23.5,22.0,932699.5,23.60400000000002,23.909000000000002,24.27049999999998
2017-11-01,22.23,22.58,23.12,22.1,513460.91,23.274000000000022,23.782000000000004,24.097999999999978
2017-11-02,22.88,22.14,22.92,22.05,509732.72,22.96400000000002,23.582000000000004,23.922499999999978
2017-11-03,21.88,22.82,23.26,21.73,1008289.94,22.96800000000002,23.460000000000004,23.76499999999998
2017-11-06,20.61,21.56,21.99,20.4,759809.75,22.51800000000002,23.154000000000003,23.603999999999978
2017-11-07,21.1,20.59,21.22,20.51,577959.25,21.93800000000002,22.771000000000004,23.41449999999998
2017-11-08,21.35,21.22,21.46,20.88,307507.88,21.666000000000018,22.470000000000006,23.26799999999998
2017-11-09,21.6,21.01,22.06,20.86,397553.12,21.44000000000002,22.202000000000005,23.121499999999976
2017-11-10,21.78,21.47,21.78,21.15,445515.75,21.170000000000016,22.069000000000003,23.000999999999976
2017-11-13,21.14,21.8,21.95,21.05,531382.94,21.218000000000014,21.868000000000002,22.913499999999978
2017-11-14,21.0,20.93,21.5,20.81,709553.06,21.286000000000012,21.612000000000002,22.760499999999976
2017-11-15,21.77,21.75,22.03,21.4,437797.75,21.392000000000014,21.529000000000003,22.655499999999975
2017-11-16,22.05,21.82,22.12,21.26,628633.5,21.55400000000001,21.497000000000003,22.539499999999975
2017-11-17,22.95,22.05,23.2,21.98,1037914.88,21.67000000000001,21.420000000000005,22.439999999999976
2017-11-20,24.5,24.3,24.9,23.95,683236.25,22.170000000000012,21.694000000000006,22.423999999999975
2017-11-21,24.63,24.45,24.78,24.3,445294.31,22.874000000000013,22.080000000000005,22.425499999999975
2017-11-22,24.66,24.67,25.33,23.89,845884.38,23.458000000000016,22.425000000000004,22.447499999999973
2017-11-23,24.8,24.64,25.12,24.4,908838.56,24.022000000000013,22.788000000000004,22.494999999999973
2017-11-24,24.2,25.8,26.0,23.93,1064216.38,24.772000000000016,23.221000000000007,22.644999999999975
2017-11-27,24.01,24.01,24.43,23.8,521852.72,24.71400000000002,23.442000000000007,22.654999999999973
2017-11-28,23.03,24.17,24.67,22.91,1317837.0,24.65800000000002,23.76600000000001,22.68899999999997
2017-11-29,22.65,23.0,23.1,22.47,404634.03,24.324000000000016,23.89100000000001,22.709999999999972
2017-11-30,23.04,22.83,23.23,22.72,255061.69,23.962000000000014,23.992000000000008,22.744499999999974
2017-12-01,23.13,23.32,23.39,22.81,334870.81,23.466000000000015,24.119000000000007,22.769499999999972
2017-12-04,23.31,23.1,23.47,22.78,468837.97,23.284000000000017,23.999000000000006,22.846499999999974
2017-12-05,23.24,22.88,23.3,22.61,313821.53,23.026000000000018,23.842000000000006,22.960999999999977
2017-12-06,23.39,23.34,23.64,23.09,358358.75,23.094000000000015,23.709000000000003,23.06699999999997
2017-12-07,23.42,23.46,23.85,23.11,474917.81,23.22000000000002,23.591,23.189499999999974
2017-12-08,22.85,23.21,23.65,22.85,334943.31,23.198000000000018,23.332,23.27649999999997
2017-12-11,23.32,22.81,23.56,22.69,375368.88,23.140000000000022,23.212,23.32699999999997
2017-12-12,24.11,23.41,24.2,23.41,546644.38,23.24600000000002,23.136000000000003,23.450999999999972
2017-12-13,23.66,24.43,24.44,23.41,437654.47,23.46400000000002,23.279000000000003,23.584999999999972
2017-12-14,23.85,23.55,24.57,23.38,497612.44,23.48200000000002,23.351000000000006,23.671499999999973
2017-12-15,23.2,24.05,24.36,23.18,428145.12,23.650000000000023,23.424000000000007,23.77149999999997
2017-12-18,23.8,23.5,24.18,23.48,285923.69,23.78800000000002,23.464000000000006,23.731499999999972
2017-12-19,23.74,23.91,24.4,23.72,291143.31,23.888000000000023,23.567000000000007,23.704499999999975
2017-12-20,23.8,23.88,24.14,23.73,348101.16,23.77800000000002,23.621000000000006,23.66499999999997
2017-12-21,22.98,23.91,24.06,22.85,594341.12,23.85000000000002,23.666000000000004,23.628499999999974
2017-12-22,22.66,22.78,23.01,22.39,273417.62,23.596000000000018,23.623000000000005,23.47749999999997
2017-12-25,23.0,22.82,23.15,22.24,543058.69,23.46000000000002,23.624000000000006,23.41799999999997
2017-12-26,23.91,23.92,24.08,23.67,421833.84,23.462000000000018,23.675000000000008,23.40549999999997
2017-12-27,23.39,23.91,23.98,23.22,495846.25,23.468000000000018,23.623000000000008,23.450999999999972
2017-12-28,22.93,23.35,23.44,22.59,476133.12,23.356000000000016,23.60300000000001,23.476999999999975
2017-12-29,22.9,22.69,23.2,22.64,424160.44,23.338000000000015,23.467000000000006,23.445499999999974
2018-01-02,21.63,22.72,23.08,21.61,490384.44,23.31800000000002,23.38900000000001,23.426499999999976
2018-01-03,22.39,22.3,22.58,22.22,472553.53,22.99400000000002,23.228000000000012,23.397499999999976
2018-01-04,23.0,22.32,23.05,22.05,486784.81,22.676000000000023,23.07200000000001,23.346499999999978
2018-01-05,22.6,23.04,23.21,22.46,489494.75,22.614000000000022,22.98500000000001,23.32549999999998
2018-01-08,23.0,23.18,24.07,22.93,1201163.0,22.712000000000025,23.025000000000013,23.32399999999998
2018-01-09,21.5,22.48,22.55,21.4,896200.19,22.664000000000023,22.99100000000001,23.307499999999983
2018-01-10,21.89,21.5,22.29,21.5,410720.16,22.504000000000023,22.749000000000013,23.211999999999982
2018-01-11,21.15,21.86,21.86,20.93,451653.09,22.412000000000024,22.544000000000015,23.08349999999998
2018-01-12,21.18,20.86,21.32,20.52,315702.03,21.976000000000028,22.295000000000012,22.94899999999998
2018-01-15,21.39,21.08,21.54,21.05,346072.31,21.55600000000003,22.134000000000015,22.80049999999998
2018-01-16,22.34,21.38,22.34,21.07,677777.75,21.336000000000027,22.000000000000014,22.69449999999998
2018-01-17,23.24,22.35,23.24,22.21,673866.0,21.50600000000003,22.005000000000013,22.61649999999998
2018-01-18,23.29,23.32,23.49,23.06,354578.16,21.798000000000027,22.10500000000001,22.58849999999998
2018-01-19,23.54,23.18,23.7,22.82,357066.56,22.262000000000025,22.119000000000014,22.55199999999998
2018-01-22,23.55,23.32,23.81,23.24,322827.62,22.71000000000003,22.133000000000013,22.57899999999998
2018-01-23,24.34,23.71,24.51,23.57,385134.81,23.176000000000027,22.256000000000014,22.62349999999998
2018-01-24,24.38,24.18,24.58,24.0,355182.97,23.54200000000003,22.524000000000015,22.636499999999977
2018-01-25,24.04,24.38,25.09,24.04,832814.25,23.75400000000003,22.776000000000018,22.659999999999975
2018-01-26,22.96,23.75,23.9,22.9,555706.12,23.86800000000003,23.065000000000015,22.679999999999975
2018-01-29,22.64,23.14,23.49,22.02,610195.38,23.83200000000003,23.271000000000015,22.702499999999976
2018-01-30,22.7,22.68,22.96,22.5,506949.38,23.626000000000026,23.401000000000018,22.700499999999977
2018-01-31,23.02,22.47,23.05,22.42,410641.88,23.284000000000027,23.413000000000014,22.70899999999998
2018-02-01,23.05,22.98,23.28,22.65,313869.31,23.004000000000026,23.379000000000012,22.74199999999998
2018-02-02,23.59,23.15,23.66,22.81,430694.09,22.884000000000025,23.376000000000012,22.747499999999977
2018-02-05,24.24,23.72,24.35,23.64,407555.38,23.000000000000025,23.416000000000015,22.774499999999975
2018-02-06,23.58,23.85,24.22,23.47,384228.41,23.234000000000027,23.430000000000014,22.842999999999975
2018-02-07,23.48,23.46,23.63,23.17,286052.97,23.432000000000027,23.358000000000015,22.940999999999974
2018-02-08,24.2,24.15,24.49,23.77,389259.47,23.66600000000003,23.335000000000015,23.055499999999974
2018-02-09,23.37,24.01,24.05,23.37,404626.59,23.83800000000003,23.36100000000001,23.212999999999973
2018-02-12,23.34,23.21,23.6,22.65,346930.0,23.73600000000003,23.368000000000013,23.31949999999997
2018-02-13,23.02,23.05,23.41,22.85,267278.59,23.576000000000032,23.405000000000012,23.40299999999997
2018-02-14,23.46,23.0,23.75,23.0,249881.05,23.48400000000003,23.458000000000013,23.43549999999997
2018-02-22,23.1,23.42,23.48,22.8,549964.88,23.33800000000003,23.502000000000013,23.44049999999997
2018-02-23,24.5,22.8,24.55,22.52,846203.81,23.09600000000003,23.46700000000001,23.421499999999973
2018-02-26,24.1,24.6,24.6,23.89,352884.91,23.37400000000003,23.55500000000001,23.485499999999973
2018-02-27,23.86,23.88,24.57,23.5,462512.81,23.540000000000028,23.558000000000014,23.493999999999975
2018-02-28,25.5,24.22,25.51,23.81,672347.25,23.784000000000027,23.63400000000001,23.495999999999974
2018-03-01,25.82,25.54,26.06,24.83,591809.31,24.208000000000023,23.77300000000001,23.553999999999974
2018-03-02,28.25,26.49,28.38,26.41,615811.75,24.946000000000023,24.021000000000008,23.690999999999974
2018-03-05,27.5,28.1,28.2,27.44,444366.59,25.646000000000026,24.510000000000012,23.938999999999975
2018-03-06,26.97,27.73,28.5,26.82,777932.06,26.416000000000025,24.97800000000001,24.191499999999976
2018-03-07,26.99,26.96,27.29,26.41,393400.41,26.964000000000027,25.374000000000006,24.415999999999976
2018-03-08,27.85,27.1,27.85,26.91,600442.12,27.276000000000028,25.742000000000008,24.621999999999975
2018-03-09,27.37,27.99,28.3,27.33,698195.19,27.57600000000003,26.261000000000006,24.863999999999976
2018-03-12,27.48,27.37,27.76,27.12,357604.44,27.430000000000028,26.538000000000004,25.046499999999973
2018-03-13,27.41,27.64,28.25,27.31,602843.56,27.412000000000027,26.914000000000005,25.235999999999972
2018-03-14,27.57,27.71,27.83,27.23,498372.47,27.56200000000003,27.262999999999998,25.448499999999974
2018-03-15,26.74,27.31,27.73,26.68,526436.81,27.60400000000003,27.439999999999998,25.606499999999976
2018-03-16,27.1,26.71,27.18,26.55,388545.09,27.34800000000003,27.461999999999996,25.74149999999998
2018-03-19,27.07,27.39,27.64,26.95,597535.75,27.352000000000032,27.39099999999999,25.950499999999977
2018-03-20,27.3,26.99,27.54,26.85,508162.53,27.222000000000037,27.31699999999999,26.14749999999998
2018-03-21,27.29,27.49,27.77,26.84,606841.38,27.178000000000036,27.369999999999994,26.37199999999998
2018-03-22,26.3,27.3,27.38,26.28,789190.81,27.176000000000037,27.389999999999993,26.56599999999998
2018-03-23,25.39,26.0,26.46,25.3,520770.81,27.034000000000038,27.190999999999992,26.72599999999998
2018-03-26,24.77,25.59,25.68,24.56,705893.25,26.674000000000035,27.012999999999987,26.775499999999983
2018-03-27,25.21,24.64,25.21,24.58,540168.81,26.20400000000003,26.712999999999987,26.813499999999983
2018-03-28,26.3,25.6,26.37,25.34,556052.38,25.82600000000003,26.501999999999992,26.882499999999983
2018-03-29,26.39,26.5,26.82,26.3,254595.0,25.666000000000025,26.420999999999992,26.930499999999984
2018-03-30,26.68,26.39,26.91,26.32,270005.47,25.744000000000028,26.388999999999992,26.925499999999982
2018-04-02,26.8,26.65,26.85,26.52,241610.92,25.956000000000028,26.31499999999999,26.85299999999998
2018-04-03,26.72,26.8,27.17,26.56,433170.62,26.388000000000034,26.295999999999992,26.80649999999998
2018-04-04,27.05,26.72,27.05,26.58,415469.03,26.612000000000034,26.218999999999994,26.794499999999978
2018-04-09,27.23,27.07,27.31,26.81,432446.75,26.726000000000035,26.19599999999999,26.792999999999978
2018-04-10,26.7,27.15,27.15,26.53,407222.28,26.878000000000032,26.31099999999999,26.750999999999976
2018-04-11,27.19,26.79,27.22,26.77,445623.88,26.906000000000027,26.430999999999994,26.721999999999973
2018-04-12,27.55,27.23,27.75,27.21,373238.09,26.992000000000026,26.689999999999998,26.701499999999974
2018-04-13,28.11,27.75,28.15,27.34,405069.28,27.198000000000025,26.904999999999994,26.703499999999973
2018-04-16,28.08,27.94,28.29,27.87,350838.56,27.372000000000025,27.048999999999996,26.734999999999978
2018-04-17,28.1,27.94,28.19,27.73,318303.72,27.530000000000022,27.203999999999997,26.79649999999998
2018-04-18,28.32,28.07,28.53,27.7,429639.56,27.786000000000023,27.345999999999997,26.830499999999983
2018-04-19,28.5,28.2,28.5,28.0,409030.81,27.980000000000025,27.485999999999997,26.890999999999984
2018-04-20,27.4,28.69,28.86,27.33,655817.5,28.168000000000024,27.682999999999993,26.950999999999986
2018-04-23,27.01,27.38,27.51,26.72,408453.69,28.056000000000022,27.71399999999999,26.95499999999999
2018-04-24,27.26,26.91,27.56,26.81,425383.59,27.850000000000023,27.689999999999998,27.000499999999988
2018-04-25,27.65,27.33,27.66,26.56,542419.81,27.70200000000002,27.743999999999993,27.087499999999988
2018-04-26,28.4,27.68,28.66,27.63,397170.81,27.598000000000024,27.788999999999994,27.239499999999985
2018-04-27,28.66,28.4,28.75,27.42,381958.28,27.540000000000028,27.853999999999992,27.379499999999986
2018-05-02,30.3,28.5,30.3,28.26,812262.56,27.764000000000028,27.90999999999999,27.479499999999984
2018-05-03,30.65,30.12,30.65,29.96,397684.16,28.406000000000027,28.127999999999993,27.665999999999986
2018-05-04,29.85,30.93,31.1,29.8,469832.12,29.126000000000033,28.413999999999994,27.879999999999985
2018-05-07,29.88,29.91,30.29,29.79,201714.23,29.57200000000003,28.584999999999997,28.035499999999985
2018-05-08,30.18,30.15,30.5,29.92,254795.45,29.922000000000033,28.730999999999995,28.206999999999983
2018-05-09,30.33,30.23,30.53,30.03,256275.23,30.26800000000003,29.016,28.36499999999998
2018-05-10,30.29,30.04,30.69,29.74,328835.31,30.252000000000027,29.328999999999997,28.50949999999998
2018-05-11,30.16,29.92,30.55,29.6,258197.72,30.050000000000022,29.588,28.66599999999998
2018-05-14,31.2,30.03,31.23,29.56,528068.62,30.074000000000023,29.822999999999997,28.805999999999976
2018-05-15,32.16,31.25,32.24,31.03,351572.59,30.294000000000022,30.107999999999997,28.980999999999977
2018-05-16,32.57,31.85,32.86,31.75,335220.0,30.618000000000023,30.443,29.176499999999976
2018-05-17,32.15,32.61,33.24,31.73,485930.44,31.132000000000023,30.692,29.409999999999975
2018-05-18,31.52,32.18,32.18,31.06,477145.44,31.584000000000024,30.817,29.61549999999997
2018-05-21,32.7,31.62,32.76,30.96,478119.41,31.902000000000026,30.988,29.78649999999997
2018-05-22,32.3,32.8,33.95,32.1,584509.62,32.212000000000025,31.253000000000004,29.991999999999962
2018-05-23,33.2,33.64,34.1,32.52,431945.72,32.57000000000002,31.594,30.30499999999996
2018-05-24,33.65,33.49,34.47,33.32,531635.62,32.74600000000002,31.939,30.633999999999965
2018-05-25,33.7,33.29,33.99,33.17,572692.06,32.968000000000025,32.275999999999996,30.93199999999996
2018-05-28,31.54,34.16,34.46,31.03,999700.75,33.47600000000002,32.689,31.25599999999996
2018-05-29,30.51,31.33,32.15,30.3,426728.97,33.182000000000016,32.696999999999996,31.402499999999964
2018-05-30,30.89,31.02,31.87,30.71,578853.94,32.658000000000015,32.61399999999999,31.528499999999962
2018-05-31,30.76,30.33,30.79,29.9,338288.97,32.02600000000001,32.38599999999999,31.538999999999966
2018-06-01,30.02,31.07,31.07,29.21,505125.41,31.58200000000001,32.27499999999999,31.54599999999997
2018-06-04,31.8,31.18,31.88,31.04,235787.08,30.98600000000001,32.23099999999999,31.60949999999997
2018-06-05,31.47,31.66,32.15,31.31,331725.75,31.05200000000001,32.11699999999999,31.684999999999967
2018-06-06,31.4,31.34,31.59,30.75,290117.62,31.116000000000007,31.88699999999999,31.74049999999997
2018-06-07,32.57,31.58,32.58,31.52,366967.47,31.366000000000007,31.695999999999987,31.817499999999974
2018-06-08,32.58,32.63,33.35,32.5,337572.16,31.678000000000008,31.629999999999985,31.952999999999975
2018-06-11,32.5,32.66,33.1,32.41,252215.34,31.974000000000007,31.479999999999983,32.08449999999998
2018-06-12,32.44,32.7,32.95,32.2,315833.0,32.18200000000001,31.616999999999983,32.156999999999975
2018-06-13,32.59,32.48,32.84,32.37,220920.41,32.41000000000001,31.762999999999987,32.188499999999976
2018-06-14,33.54,32.62,33.68,32.35,606208.25,32.61800000000001,31.99199999999999,32.18899999999998
2018-06-15,33.87,33.46,33.91,33.34,325102.41,32.784000000000006,32.23099999999999,32.25299999999998
2018-06-19,33.4,33.64,33.74,32.85,351022.56,32.98000000000001,32.47699999999999,32.35399999999998
2018-06-20,33.44,32.9,33.92,32.8,387992.56,33.02000000000002,32.600999999999985,32.35899999999998
2018-06-21,32.35,33.67,33.71,32.01,581008.06,33.258000000000024,32.83399999999999,32.36049999999998
2018-06-22,32.49,32.18,33.15,32.07,373354.41,33.17000000000002,32.89399999999999,32.29499999999997
2018-06-25,32.0,32.28,32.73,31.51,322838.47,32.93400000000002,32.858999999999995,32.244499999999974
2018-06-26,32.17,32.41,33.09,32.02,336064.31,32.688000000000024,32.83399999999999,32.156999999999975
2018-06-27,32.51,32.7,33.23,31.84,500004.47,32.64800000000002,32.83399999999999,32.225499999999975
2018-06-28,34.2,32.9,34.28,32.65,506598.16,32.494000000000014,32.87599999999999,32.31949999999998
2018-06-29,35.07,34.18,35.1,33.11,540655.0,32.89400000000002,33.03199999999999,32.51199999999997
2018-07-02,33.9,34.72,35.1,33.33,384538.88,33.38200000000002,33.15799999999999,32.69449999999997
2018-07-03,34.0,33.7,34.05,33.33,302373.25,33.640000000000015,33.16399999999999,32.820499999999974
2018-07-04,32.87,33.17,33.32,32.17,270175.5,33.734000000000016,33.19099999999999,32.89599999999997
2018-07-05,32.28,32.73,33.79,32.28,454668.12,33.70000000000001,33.096999999999994,32.96549999999998
2018-07-06,31.43,31.9,32.32,31.31,407654.31,33.244000000000014,33.06899999999999,32.98149999999997
2018-07-09,31.5,31.27,31.96,30.2,724944.88,32.554000000000016,32.96799999999998,32.91349999999997
2018-07-10,33.0,32.75,33.88,32.49,580805.12,32.36400000000001,33.00199999999999,32.91799999999997
2018-07-11,36.43,32.98,36.58,32.5,952129.69,32.32600000000001,33.02999999999999,32.931999999999974
2018-07-12,35.93,35.82,36.1,34.88,699836.75,32.94400000000001,33.32199999999999,33.098999999999975
2018-07-13,36.8,36.99,38.06,36.31,552634.75,33.96200000000001,33.602999999999994,33.317499999999974
2018-07-16,36.5,37.38,37.9,35.8,596793.69,35.18400000000001,33.86899999999999,33.51349999999997
2018-07-17,37.5,37.5,38.04,36.9,635425.38,36.13400000000001,34.248999999999995,33.70649999999997
2018-07-18,36.61,37.56,37.76,35.62,898147.81,37.05000000000001,34.687999999999995,33.93949999999997
2018-07-19,38.0,36.36,38.0,36.27,908234.38,37.158000000000015,35.050999999999995,34.07399999999997
2018-07-20,40.38,38.57,40.56,38.09,597862.75,37.47400000000001,35.717999999999996,34.393499999999975
2018-07-23,40.0,40.04,40.66,39.12,410062.38,38.006000000000014,36.595,34.78149999999998
2018-07-24,41.12,40.2,41.12,38.8,648064.56,38.546000000000014,37.339999999999996,35.17099999999998
2018-07-25,40.7,41.13,42.24,40.46,542629.62,39.26000000000001,38.154999999999994,35.59249999999998
2018-07-26,40.0,40.98,41.51,39.99,648657.5,40.18400000000001,38.671,35.99649999999998
2018-07-27,39.0,39.53,39.84,38.51,406526.41,40.37600000000002,38.925,36.26399999999998
2018-07-30,39.85,39.42,41.09,39.25,548758.25,40.25200000000002,39.129000000000005,36.49899999999998
2018-07-31,39.6,39.76,40.64,38.9,558848.38,40.16400000000001,39.355000000000004,36.80199999999998
2018-08-01,39.48,39.77,40.6,38.3,812191.94,39.89200000000001,39.576,37.13199999999998
2018-08-02,36.5,40.2,40.7,36.4,978464.81,39.73600000000002,39.959999999999994,37.50549999999998
2018-08-03,35.84,37.09,38.0,35.61,757186.06,39.24800000000002,39.812,37.76499999999998
2018-08-06,35.1,35.55,36.62,35.09,537013.31,38.47400000000001,39.36299999999999,37.97899999999998
2018-08-07,35.55,35.15,35.78,34.54,402483.81,37.552000000000014,38.85799999999999,38.098999999999975
2018-08-08,35.6,35.67,36.7,35.5,453695.91,36.73200000000001,38.312,38.23349999999998
2018-08-09,35.63,35.84,36.11,34.95,478459.09,35.860000000000014,37.79799999999999,38.234499999999976
2018-08-10,35.11,35.99,36.96,35.11,830783.62,35.640000000000015,37.443999999999996,38.18449999999997
2018-08-13,32.98,34.76,35.88,32.8,843101.94,35.48200000000001,36.977999999999994,38.05349999999997
2018-08-14,32.76,33.12,33.53,32.1,529085.81,35.076000000000015,36.31399999999999,37.83449999999998
2018-08-15,32.5,32.33,33.78,32.23,646870.19,34.408000000000015,35.56999999999999,37.57299999999998
2018-08-16,31.45,32.56,32.99,31.45,683433.5,33.75200000000002,34.806,37.382999999999974
2018-08-17,30.75,31.06,31.71,30.74,385307.41,32.76600000000001,34.202999999999996,37.00749999999997
2018-08-20,30.4,30.7,30.84,29.87,367316.16,31.954000000000015,33.717999999999996,36.54049999999997
2018-08-21,30.55,30.79,31.09,30.4,395488.84,31.48800000000001,33.282,36.06999999999997
2018-08-22,30.49,30.5,30.8,30.12,278845.59,31.122000000000014,32.765,35.53849999999997
2018-08-23,30.3,30.37,31.33,30.27,506382.56,30.684000000000015,32.217999999999996,35.00799999999997
2018-08-24,29.6,29.85,30.2,29.57,342206.41,30.442000000000014,31.603999999999996,34.52399999999997
2018-08-27,28.72,29.72,30.19,28.63,595163.81,30.246000000000016,31.1,34.03899999999997
2018-08-28,29.09,28.6,29.1,28.52,329026.69,29.808000000000014,30.648000000000003,33.48099999999998
2018-08-29,28.66,29.16,29.25,28.4,340084.09,29.540000000000013,30.331000000000007,32.95049999999998
2018-08-30,29.11,28.46,29.26,28.04,421286.97,29.158000000000015,29.921000000000003,32.36349999999997
2018-08-31,30.12,29.11,30.12,29.1,396229.19,29.01000000000002,29.726000000000006,31.964499999999976
2018-09-03,29.94,30.11,30.37,29.85,382067.75,29.088000000000015,29.66700000000001,31.692499999999978
2018-09-04,29.57,29.94,30.1,29.35,334953.94,29.356000000000016,29.582000000000004,31.43199999999998
2018-09-05,29.73,29.57,30.36,29.51,467638.91,29.438000000000017,29.489000000000004,31.12699999999999
2018-09-06,29.82,29.93,29.95,29.3,502135.44,29.732000000000017,29.445000000000004,30.831499999999984
2018-09-07,29.38,29.82,29.88,29.05,588187.19,29.874000000000013,29.442,30.522999999999985
2018-09-10,30.57,29.95,31.9,29.9,590007.19,29.842000000000006,29.464999999999996,30.282499999999988
2018-09-11,30.73,30.77,31.2,30.26,389794.44,30.00800000000001,29.681999999999995,30.164999999999985
2018-09-12,30.6,31.03,31.48,30.2,564302.0,30.30000000000001,29.86899999999999,30.099999999999984
2018-09-13,30.6,30.85,31.3,29.9,379890.0,30.48400000000001,30.107999999999993,30.014499999999988
2018-09-14,30.5,30.73,32.03,30.5,557438.56,30.666000000000007,30.269999999999992,29.99799999999999
2018-09-17,33.1,31.22,33.4,30.68,1000665.5,30.92000000000001,30.380999999999993,30.02399999999999
2018-09-18,30.78,33.82,33.83,30.28,897712.56,31.53000000000001,30.768999999999995,30.175499999999992
2018-09-19,31.09,30.75,31.35,30.1,405786.47,31.474000000000007,30.886999999999993,30.187999999999995
2018-09-20,31.45,31.52,32.6,30.59,521581.28,31.60800000000001,31.045999999999992,30.245499999999993
2018-09-21,31.18,31.8,32.29,30.47,524343.06,31.822000000000013,31.243999999999993,30.34299999999999
2018-09-25,32.42,31.3,32.74,31.02,580325.38,31.838000000000015,31.378999999999998,30.421999999999986
2018-09-26,31.9,32.5,33.08,31.54,1052969.75,31.57400000000002,31.552,30.616999999999983
2018-09-27,28.54,31.79,31.79,28.54,1081788.62,31.782000000000018,31.627999999999997,30.748499999999986
2018-09-28,28.8,28.9,29.01,27.48,395088.47,31.258000000000017,31.432999999999993,30.77049999999998
2018-10-08,28.85,28.9,29.6,28.6,563944.0,30.678000000000015,31.24999999999999,30.75999999999998
2018-10-09,28.35,28.94,29.38,28.32,574432.12,30.20600000000001,31.02199999999999,30.70149999999998
2018-10-10,28.28,28.44,28.66,27.91,541077.75,29.394000000000013,30.48399999999999,30.626499999999982
2018-10-11,27.05,28.5,28.5,26.7,735825.5,28.73600000000001,30.258999999999993,30.57299999999998
2018-10-12,27.45,27.06,27.49,26.8,347146.47,28.368000000000013,29.812999999999995,30.42949999999998
2018-10-15,27.6,27.51,27.83,27.36,305912.75,28.09000000000001,29.383999999999993,30.313999999999975
2018-10-16,27.52,27.67,27.79,27.3,234126.98,27.836000000000013,29.020999999999994,30.19999999999997
2018-10-17,27.75,27.64,28.14,27.41,398661.28,27.67600000000001,28.53499999999999,30.043499999999973
2018-10-18,27.36,27.85,27.95,27.3,379818.16,27.54600000000001,28.14099999999999,29.884499999999974
2018-10-19,28.2,27.46,28.27,26.95,509485.09,27.626000000000012,27.996999999999993,29.714999999999975
2018-10-22,29.23,28.19,29.52,28.05,455428.47,27.76200000000001,27.925999999999995,29.587999999999976
2018-10-23,29.3,29.45,29.48,28.68,361906.47,28.118000000000006,27.976999999999993,29.499499999999976
2018-10-24,28.96,29.15,30.54,28.73,622931.19,28.420000000000005,28.04799999999999,29.265999999999973
2018-10-25,28.8,28.96,29.28,28.28,463277.75,28.642000000000007,28.093999999999987,29.176499999999976
2018-10-26,27.5,28.98,29.0,27.41,676711.06,28.946000000000005,28.28599999999999,29.049499999999977
2018-10-29,27.7,27.5,28.28,27.26,447443.84,28.808000000000003,28.28499999999999,28.83449999999998
2018-10-30,27.3,27.53,27.88,26.91,422766.84,28.424000000000007,28.270999999999987,28.64599999999998
2018-10-31,27.01,27.43,28.0,26.86,445727.44,28.080000000000005,28.24999999999999,28.392499999999977
2018-11-01,25.81,27.0,27.2,25.81,509187.97,27.688000000000006,28.164999999999985,28.15299999999998
2018-11-02,26.17,25.93,26.2,25.77,197527.2,27.07800000000001,28.01199999999999,28.00449999999998
2018-11-05,26.0,26.16,26.23,25.73,145915.38,26.81000000000001,27.80899999999999,27.86749999999998
2018-11-06,26.44,26.05,26.57,26.01,202525.56,26.51400000000001,27.468999999999994,27.722999999999974
2018-11-07,26.21,26.43,26.56,25.61,334052.41,26.31400000000001,27.196999999999996,27.622499999999967
2018-11-08,26.32,26.21,26.52,26.14,184811.06,26.156000000000013,26.921999999999997,27.50799999999997
2018-11-09,26.96,26.31,26.97,26.13,315008.09,26.23200000000001,26.654999999999994,27.47049999999997
2018-11-12,27.2,26.93,27.58,26.81,329928.03,26.386000000000013,26.597999999999995,27.44149999999997
2018-11-13,26.99,27.1,27.2,26.72,348979.69,26.59600000000001,26.554999999999996,27.412999999999972
2018-11-14,26.69,26.87,27.27,26.47,425997.41,26.684000000000008,26.498999999999995,27.374499999999973
2018-11-15,26.4,26.59,26.69,26.19,367101.28,26.76000000000001,26.45799999999999,27.311499999999974
2018-11-16,27.45,26.47,27.65,26.24,711737.44,26.79200000000001,26.511999999999993,27.261999999999972
2018-11-19,26.56,26.25,26.8,26.0,345752.69,26.656000000000006,26.520999999999994,27.16499999999997
2018-11-20,27.0,26.41,27.15,26.4,262347.0,26.518000000000008,26.556999999999995,27.012999999999966
2018-11-21,27.0,26.84,27.28,26.52,367534.16,26.512000000000008,26.597999999999992,26.89749999999997
2018-11-22,26.12,26.76,27.22,26.1,593044.56,26.546000000000003,26.65299999999999,26.787499999999966
2018-11-23,27.2,26.12,27.2,26.1,722702.56,26.476000000000006,26.633999999999993,26.644499999999965
2018-11-26,28.39,27.81,28.67,27.52,423093.12,26.788000000000004,26.72199999999999,26.65999999999996
2018-11-27,28.5,28.4,29.06,27.75,536324.0,27.186000000000007,26.851999999999986,26.703499999999963
2018-11-28,28.5,28.73,29.55,28.0,613095.75,27.564000000000004,27.03799999999999,26.768499999999968
2018-11-29,28.27,28.77,30.1,28.1,1196308.5,27.966000000000008,27.25599999999999,26.856999999999964
2018-11-30,29.01,28.04,29.74,27.99,1063043.0,28.350000000000005,27.41299999999999,26.962499999999967
2018-12-03,27.5,29.3,30.22,27.47,1550495.62,28.648000000000007,27.71799999999999,27.119499999999967
2018-12-04,25.78,27.56,28.06,25.55,1150696.12,28.480000000000008,27.832999999999988,27.194999999999965
2018-12-05,25.3,25.76,26.05,24.99,467463.75,27.886000000000006,27.724999999999987,27.16149999999997
2018-12-06,25.03,25.26,25.47,24.82,442261.62,27.184000000000005,27.57499999999999,27.113999999999965
2018-12-07,25.61,25.28,26.39,25.03,582773.38,26.632000000000005,27.490999999999985,27.062499999999964
2018-12-10,25.9,25.79,26.28,25.16,795767.75,25.93,27.288999999999987,27.005499999999966
2018-12-11,23.96,25.97,26.18,23.96,1274569.88,25.612000000000002,27.045999999999992,26.948999999999966
2018-12-12,23.79,23.8,24.27,23.5,361719.62,25.220000000000002,26.55299999999999,26.795499999999965
2018-12-13,23.05,23.76,23.89,23.05,539792.94,24.92,26.051999999999992,26.65399999999996
2018-12-14,22.9,22.96,23.04,22.69,268283.34,24.456,25.54399999999999,26.47849999999996
2018-12-17,23.26,22.88,23.37,22.74,407080.28,23.874000000000002,24.901999999999994,26.309999999999963
2018-12-18,23.19,23.23,23.43,23.01,298893.59,23.326,24.468999999999994,26.150999999999964
2018-12-19,23.52,23.24,23.58,23.23,337202.16,23.214000000000002,24.216999999999995,25.970999999999965
2018-12-20,23.38,23.36,23.57,22.85,436613.53,23.134,24.026999999999997,25.800999999999966
2018-12-21,23.27,24.01,24.42,23.27,898477.81,23.344,23.9,25.695499999999964
2018-12-24,23.5,23.2,23.68,23.14,483898.56,23.407999999999998,23.641,25.464999999999968
2018-12-25,23.18,23.09,23.32,22.85,180488.95,23.38,23.353,25.199499999999965
2018-12-26,23.25,23.24,23.3,22.92,222221.19,23.38,23.296999999999997,24.924999999999965
2018-12-27,22.78,23.21,23.4,22.65,504123.47,23.349999999999998,23.241999999999997,24.64699999999997
2018-12-28,22.7,22.62,22.81,22.39,287832.44,23.071999999999996,23.207999999999995,24.37599999999997
2019-01-02,21.88,22.82,22.95,21.81,552724.81,22.995999999999995,23.201999999999995,24.051999999999968
2019-01-03,21.9,21.92,21.97,21.72,197748.77,22.761999999999993,23.070999999999994,23.769999999999968
2019-01-04,22.1,21.86,22.1,21.75,229564.84,22.485999999999994,22.932999999999993,23.574999999999967
2019-01-07,21.99,22.02,22.18,21.86,247722.44,22.24799999999999,22.798999999999996,23.41299999999997
2019-01-08,22.12,21.95,22.25,21.73,400870.41,22.113999999999987,22.592999999999996,23.24649999999997
2019-01-09,22.6,22.02,22.69,22.0,344130.97,21.95399999999999,22.474999999999998,23.057999999999968
2019-01-10,22.99,22.8,22.99,22.53,239302.28,22.129999999999992,22.445999999999998,22.899499999999968
2019-01-11,22.8,22.95,23.08,22.71,244983.95,22.347999999999992,22.416999999999994,22.856999999999964
2019-01-14,22.81,22.77,22.81,22.58,191585.0,22.497999999999994,22.372999999999998,22.807499999999965
2019-01-15,22.82,22.71,23.05,22.68,234091.48,22.64999999999999,22.381999999999998,22.794999999999966
2019-01-16,23.0,22.84,23.06,22.71,296123.06,22.81399999999999,22.383999999999997,22.792999999999964
2019-01-17,23.58,23.11,23.58,22.79,455189.41,22.87599999999999,22.502999999999997,22.786999999999964
2019-01-18,23.45,23.58,24.12,23.43,353910.16,23.00199999999999,22.674999999999994,22.803999999999963
2019-01-21,23.35,23.42,23.55,23.2,209522.62,23.13199999999999,22.814999999999994,22.806999999999963
2019-01-22,23.52,23.37,23.58,23.1,309424.81,23.26399999999999,22.956999999999997,22.774999999999963
2019-01-23,23.0,23.63,23.84,23.0,412507.69,23.421999999999986,23.117999999999995,22.796499999999963
2019-01-24,23.45,23.0,23.63,22.94,426351.28,23.399999999999984,23.137999999999995,22.791999999999966
2019-01-25,23.28,23.42,23.68,23.23,307159.41,23.367999999999988,23.184999999999995,22.800999999999966
2019-01-28,23.6,23.26,23.74,23.22,362654.81,23.335999999999988,23.233999999999995,22.803499999999964
2019-01-29,24.7,23.8,24.72,23.38,835260.06,23.421999999999986,23.342999999999993,22.862499999999965
2019-01-30,25.19,24.78,25.64,24.65,477662.56,23.651999999999987,23.536999999999992,22.960499999999964
2019-01-31,24.85,25.35,25.64,24.73,633677.06,24.121999999999986,23.76099999999999,23.131999999999966
2019-02-01,24.85,25.14,26.06,24.43,1008070.75,24.465999999999987,23.91699999999999,23.295999999999964
2019-02-11,25.58,25.3,25.8,24.88,791833.75,24.873999999999988,24.10499999999999,23.459999999999965
2019-02-12,24.45,24.59,24.83,24.36,201797.31,25.031999999999986,24.226999999999986,23.591999999999963
2019-02-13,24.91,24.43,25.35,24.4,833370.31,24.961999999999982,24.306999999999988,23.712499999999967
2019-02-14,25.7,25.46,26.7,25.22,996895.19,24.983999999999988,24.552999999999987,23.845499999999966
2019-02-15,24.27,24.75,25.1,24.15,475520.25,24.905999999999985,24.685999999999986,23.935499999999966
2019-02-18,24.4,24.43,25.38,24.22,609251.94,24.731999999999985,24.802999999999987,24.018499999999968
2019-02-19,24.27,24.66,25.09,24.03,583982.56,24.745999999999988,24.88899999999999,24.115999999999968
2019-02-20,24.3,24.22,24.66,23.95,474769.19,24.703999999999986,24.83299999999999,24.18499999999997
2019-02-21,23.94,24.54,24.65,23.43,747828.0,24.519999999999982,24.75199999999999,24.25649999999997
2019-02-22,24.57,23.86,24.93,23.52,740518.75,24.341999999999985,24.623999999999988,24.270499999999974
2019-02-25,24.76,24.57,25.2,24.36,452938.0,24.369999999999983,24.550999999999988,24.32799999999997
2019-02-26,25.0,24.97,25.39,24.64,595614.81,24.43199999999998,24.58899999999999,24.40799999999997
2019-02-27,25.16,25.16,25.42,24.56,706958.31,24.619999999999983,24.66199999999999,24.48449999999997
2019-02-28,25.38,25.0,25.89,24.78,946320.06,24.711999999999982,24.61599999999999,24.58449999999997
2019-03-01,26.01,25.54,26.03,25.17,1198380.38,25.04799999999998,24.694999999999986,24.690499999999965
2019-03-04,24.94,26.48,26.48,24.55,1711183.0,25.429999999999986,24.899999999999988,24.851499999999966
2019-03-05,21.84,24.07,24.07,21.8,1251186.75,25.249999999999982,24.840999999999987,24.864999999999966
2019-03-06,21.1,21.88,22.3,21.1,715929.06,24.593999999999983,24.606999999999992,24.71999999999997
2019-03-07,21.35,21.04,21.43,20.9,194542.52,23.801999999999982,24.25699999999999,24.504499999999968
2019-03-08,20.94,21.03,21.27,20.82,236755.86,22.899999999999984,23.97399999999999,24.298999999999968
2019-03-11,20.94,20.98,21.07,20.9,118915.52,21.79999999999998,23.61499999999999,24.082999999999966
2019-03-12,21.05,20.94,21.18,20.9,139298.22,21.173999999999985,23.211999999999993,23.90049999999997
2019-03-13,21.26,21.04,21.3,20.82,233208.62,21.005999999999982,22.79999999999999,23.73099999999997
2019-03-14,21.9,21.35,21.9,21.32,370107.38,21.067999999999984,22.43499999999999,23.525499999999973
2019-03-15,21.91,22.0,22.46,21.5,471001.91,21.261999999999983,22.080999999999992,23.38799999999997
2019-03-18,21.48,21.7,22.8,21.48,944276.5,21.40599999999998,21.60299999999999,23.25149999999997
2019-03-19,21.05,20.87,21.45,20.83,492775.88,21.39199999999998,21.282999999999994,23.06199999999997
2019-03-20,20.75,21.1,21.26,20.71,285544.44,21.403999999999986,21.20499999999999,22.90599999999997
2019-03-21,21.08,20.95,21.3,20.78,235397.44,21.323999999999984,21.19599999999999,22.72649999999997
2019-03-22,21.1,21.09,21.37,20.93,266365.03,21.141999999999985,21.20199999999999,22.58799999999997
2019-03-25,21.49,21.26,21.58,20.9,682330.31,21.053999999999984,21.229999999999993,22.422499999999967
2019-03-26,20.56,20.55,20.56,20.55,6.0,20.989999999999984,21.190999999999995,22.20149999999997
2019-03-27,20.3,20.55,20.75,20.07,400658.91,20.879999999999985,21.141999999999996,21.970999999999968
2019-03-28,19.15,20.5,20.83,19.12,896979.25,20.789999999999985,21.056999999999995,21.74599999999997
2019-03-29,19.14,19.19,19.31,18.92,189289.92,20.409999999999982,20.775999999999996,21.428499999999968
2019-04-01,19.01,19.23,19.3,18.92,202716.36,20.003999999999984,20.528999999999996,21.065999999999967
2019-04-02,19.17,19.07,19.17,18.84,147292.88,19.707999999999984,20.348999999999997,20.815999999999967
2019-04-03,19.07,19.17,19.19,19.02,102373.29,19.431999999999984,20.156,20.68049999999997
2019-04-04,19.02,19.04,19.12,18.97,104260.53,19.139999999999986,19.964999999999996,20.58049999999997
2019-04-08,19.13,19.14,19.18,19.01,139247.56,19.12999999999999,19.769999999999996,20.48599999999997
2019-04-09,19.3,19.23,19.31,18.87,189232.8,19.12999999999999,19.566999999999997,20.398499999999967
2019-04-10,19.4,19.34,19.47,19.27,122093.25,19.183999999999987,19.445999999999994,20.318499999999965
2019-04-11,19.11,19.4,19.45,18.93,222193.77,19.229999999999986,19.330999999999996,20.236499999999964
2019-04-12,18.67,19.24,19.4,18.5,347254.91,19.26999999999999,19.204999999999995,20.130999999999965
2019-04-15,18.62,18.67,18.84,18.62,156075.22,19.175999999999988,19.153,19.964499999999965
2019-04-16,18.43,18.62,18.68,18.32,123564.22,19.053999999999988,19.092,19.810499999999966
2019-04-17,18.89,18.47,18.96,18.44,183996.14,18.87999999999999,19.032,19.690499999999965
2019-04-18,18.95,18.89,19.07,18.81,116550.82,18.777999999999984,19.003999999999998,19.579999999999963
2019-04-19,18.9,19.02,19.19,18.9,178467.05,18.733999999999988,19.002,19.48349999999996
2019-04-22,19.2,18.86,19.25,18.83,269266.12,18.771999999999984,18.974,19.371999999999964
2019-04-23,19.3,19.2,19.37,19.1,184423.69,18.887999999999984,18.971,19.268999999999963
2019-04-24,19.38,19.5,19.55,19.13,357431.16,19.093999999999987,18.987000000000002,19.21649999999996
2019-04-25,20.32,19.76,20.33,19.0,519118.44,19.267999999999986,19.023,19.17699999999996
2019-04-26,20.49,20.36,20.53,20.34,186192.91,19.535999999999987,19.134999999999998,19.169999999999963
